Category,Profit
Technology,145454.94809999998
Office Supplies,122490.80079999998
Furniture,18451.27279999998
