,Sales,Quantity,Discount,Profit,Total Sales,Delivery Days
Sales,1.0,0.2007947713738974,-0.02819012415753553,0.479064349737707,0.9142549755818878,-0.007353537093501101
Quantity,0.2007947713738974,1.0,0.008622970271156362,0.06625318912428486,0.3310148716301371,0.018298439942903363
Discount,-0.02819012415753553,0.008622970271156362,1.0,-0.21948745637176795,-0.0249387636498802,0.00040848555467573876
Profit,0.479064349737707,0.06625318912428486,-0.21948745637176795,1.0,0.4100291794917069,-0.00464935314415062
Total Sales,0.9142549755818878,0.3310148716301371,-0.0249387636498802,0.4100291794917069,1.0,-0.0025768067046649983
Delivery Days,-0.007353537093501101,0.018298439942903363,0.00040848555467573876,-0.00464935314415062,-0.0025768067046649983,1.0
