Segment,Profit
Consumer,134119.20919999995
Corporate,91979.13399999998
Home Office,60298.67849999999
