Sub-Category,Profit
Copiers,55617.82489999999
Phones,44515.730599999995
Accessories,41936.6357
Paper,34053.569299999996
Binders,30221.76329999999
Chairs,26590.16629999999
Storage,21278.826399999994
Appliances,18138.005399999995
Furnishings,13059.143599999998
Envelopes,6964.176699999999
Art,6527.786999999999
Labels,5546.254
Machines,3384.756899999988
Fasteners,949.5182
Supplies,-1189.0995000000007
Bookcases,-3472.556000000003
Tables,-17725.481100000005
